{   
	"__comment": "This was modified so that you hold it how it places - By Bluebird",
	"parent": "block/thin_block",
    "display": {
		"firstperson_righthand": {
			"rotation": [0, 135, 0],
			"translation": [0, 2.225, 0],
			"scale": [0.225, 0.225, 0.225]
		}
    },
    "textures": {
        "particle": "#texture"
    },
    "elements": [
        {   "from": [ 0, 0, 0 ],
            "to": [ 16, 3, 16 ],
            "faces": {
                "down":  { "uv": [ 0,  0, 16, 16 ], "texture": "#texture", "cullface": "down" },
                "up":    { "uv": [ 0,  16, 16, 0 ], "texture": "#texture" },
                "north": { "uv": [ 0, 0, 16, 3 ], "texture": "#texture", "cullface": "north" },
                "south": { "uv": [ 0, 0, 16, 3 ], "texture": "#texture", "cullface": "south" },
                "west":  { "uv": [ 0, 0, 16, 3 ], "texture": "#texture", "cullface": "west" },
                "east":  { "uv": [ 0, 0, 16, 3 ], "texture": "#texture", "cullface": "east" }
            }
        }
    ]
}
