{
    "parent": "item/handheld",
    "display": {
        "thirdperson_righthand": {
            "rotation": [ 0, 90, 55 ],
            "translation": [ 0, 4.0, 2.5 ],
            "scale": [ 0.85, 0.85, 0.85 ]
        },
        "thirdperson_lefthand": {
            "rotation": [ 0, -90, -55 ],
            "translation": [ 0, 4.0, 2.5 ],
            "scale": [ 0.85, 0.85, 0.85 ]
        },
        "firstperson_righthand": {
            "rotation": [ 0, 90, 25 ],
            "translation": [ -0.4, 4, 0.8 ],
            "scale": [ 0.5, 0.5, 0.5 ]
        },
        "firstperson_lefthand": {
            "rotation": [ 0, -90, -25 ],
            "translation": [ -0.4, 4, 0.8 ],
            "scale": [ 0.5, 0.5, 0.5 ]
        }
    }
}
